,Genome_Sequence
0,TTGCCTGAAGGTACCATTTTAACGGGAATGTAAACGGTGCTGTACTATTC
1,GCCGGCCCACCCCGCCCGCCCCCACCGGCGCCCCAGTCGCCCGCGCCCGC
2,GCCGGCCCGCCGCGCCCGCCCCCGCCGCCGCGCCCGTCGCCCCGTGGCGC
3,CCACCCTTTGTCCCAGGTACGACGTTGGTGCCTATTATCCACCGGGTCAA
4,GCGAACGTCCTAACACTTACACTAGAAGCGCTGTTTGACCACGGGGCGTC
5,GGCCGCCCGCCGCGCCCGGGCCCGCCGGCACCGCCCCCGCCCCCGCCCGC
6,GCCCACGCACGGCCCCCGGCGCCGCCGCCCCACCGACCGGGCCGGCCCGT
7,GGAGTCTCTTCGATATTATCCCCGTAGATGGTAATAGAGTTGAAGGAAAA
8,CTAAGTCTGTAGAAAACGGCGGCTGGTGGTGGGTGTCCCACCTCACCACT
9,AGAGCCCGCTGGCGTTAAATGCGACCAAGGTTCCGCGTCACCGGCCTACG
10,ACAGTGCACATCCCTACGGTTGTCTTCAGTGAACGCGTCGCGTAAACCTC
11,CGACCGCCCTTCCCGTCGTGGTAGTAAGCCCTGCCTTAGATATGTGAACT
12,CCCCGGCCCGGGCGCCCGCAGCCCCCGACGCCGCCGGCGCCCCGGGCCGC
13,CCCATCCTAGAGGATATACAGCCACGCATCCGAGCATGCACGACTAGCGA
14,GGCGGCCCGACCCGCCCGCGCCCGCCGGCGCGCCCGCCGCTCCAAGCCGC
15,GCCGGAGCGCCGCGCCCGCGGCGGCCGGCACCCCCCCCGCCCCCAGCCAC
16,CAGGCGACGTGCATTATGATATAGTCGGGGACGCAGAGGTCAAAAGGAAC
17,AAACCAGCCTCGGGGAATCAGTTCCCGGGCTCTAAGACTCCGGGGAACAT
18,GCCGGCCCACGGCGCCCGCGCCCGCCGGGACCCCCACCCCCACCGGGCGC
19,CGAATATGCTCCCAACACCAGCCACAGAAAAAGTACCACATCAGATGCCC
20,GCCGGCCCACGGCGCCCGCGCCCGCCGGCGCGCCCGCACCCGCCGGCCGC
21,GCCGGCCCGCCCCGCCCGCCGCCGCCGGCCCCCACGCCGCCCCGACGCGC
22,GCACAACATGGCTCGCTTGGAGTCCGGGGGTCAAGTGTCGGTCCAACCGC
23,GCCCGGCTGCGGCGCCCGCCCCCGCCGGCGCGACCGTCGCCCGGAGCCGC
24,TCGGTAGTATCTCAAACACCGCGCGACTCACAGGACAGATGCTGGGCACC
25,GGTGCTTTTACCTCCCCGTGAATTAAATCCATACATGTCTGCCTACCTAG
26,GCGGCGCGATCGTAATGGAGTGATAAAAAGAGCGACGCGCTCTCACGACA
27,GCGGCTCCCTCTGCGCCTTTTGGTAACCCCGGAGACGCCTCACCAACGTG
28,CACAGACGCGGGACTCTAAGCTCAGTAACCTAAGAATAAGCACATTCACC
29,GCCCGAGCGCGGCGCCCGCGGCCGCCGGCACCCCCCCCGCCCCCGGCCGC
30,GTCCGACGGCAAGGAAGTGCTCGCCATAGCAAGCAGTAGAGAATCAACAC
31,GCCGTCCCACCCCGCCCGCCCCCGCCGGCGCCCCCGTGGCCCGCGGCCGC
32,CGCCTGTGTTCCCCTCCGATAAAGCAAACCCTGTCACACATACGATGCGG
33,CCCGGGCCCCGGCGCCCGCGGCCGCCGGGGCGCCCCTCGCCCCGAGCCGC
34,GCCGGCCCATGGCGCGCGCGGCCGCCGGCCCCCCAGCACCCCCCGGGCGC
35,TCGGGAAAAGCGTATCATGGGGTGGCACGTGTCCCACCTGTCTACGGTAG
36,GGCGGCCCGCCCCGCCCGCGCCCGCCGGCGCGCCCGTCGCTCCGAGCCGC
37,GATCTATCAGGGATAGTGGTGACGCCGCTGTTCGCGACTATCCGCCCTCC
38,CTCTCAACGACGTCCCCATGTGGCAGGTAGCTAGTGGCCCCTCACGAACT
39,GACACACGGCTATACGGGGGCATCACCCGGATGGTGCTGTGCTATTACTG
40,GCCGGCCCACGGCGCCCGCGCCCGCCGGCACCCCCGCACCCACCGGGCGC
41,GAGGTGACCTCGGCCCAGAATGGTAGCCTCTGAGAGGCATAGCGCAATAC
42,GCCCGACCGCCGAGCCCGCGGCCGCCGGCCCCCCCGCACCCCCCAGGAGC
43,GGCGGCCCTCCCCGCCCGCAGCCGCCGGCCCCCACGCACCCACCGGCCGC
44,GCAGTGCATGACTGGTCTCTTCCGCTGGCCTGACGGCAAGGGGGAAAAGT
45,GCCAGCCCACGGCGCCCGCGGCCGCCGGCCCCCCCGCACCCATCGGGCGC
46,CCAAGGAGAAACGGTCTGCGGCGTCCAGAACAAAACGTTTTAGCACGCAG
47,GCCGGCCCACGGCGCCCGCGGCCGCCGGCGCCCCCGCACCCCCCGGGCGC
48,GACTTCCGGGCCAAGCTTGCCTAACATACTAAAGTCCCCAAAGTCCGCAG
49,GTCCGAAGTCTGGGGAGTTGACTCTAAGCCTTCAAGTCCAACATCGCAGC
